{
  "eval_loss": 0.1767052263021469,
  "eval_accuracy": 0.9551495016611296,
  "eval_macro_f1": 0.9365635635561418,
  "eval_micro_f1": 0.9551495016611296,
  "eval_runtime": 2.7378,
  "eval_samples_per_second": 659.648,
  "eval_steps_per_second": 20.819,
  "epoch": 5.0
}